時刻,コード,会社名,会社名_en,表題,表題_en,市場,市場_en,PDF
15:30,73720,Ｇ－デコルテＨＤ,G-Décolletage HD,株式会社エミュ及び株式会社エミュLabの株式取得（完全子会社化）に関するお知らせ,"Notice regarding stock acquisition (making them wholly owned subsidiaries) of Emu Co., Ltd. and Emu Lab Co., Ltd.",東,TSE,https://www.release.tdnet.info/inbs/140120260421507866.pdf
15:30,72540,ユニバンス,univance,従業員に対する譲渡制限付株式付与制度の導入に関するお知らせ,Notice regarding the introduction of restricted stock grant system for employees,東,TSE,https://www.release.tdnet.info/inbs/140120260417506164.pdf
15:30,71380,Ｇ－ＴＯＲＩＣＯ,G-TORICO,営業外費用（暗号資産評価損）の計上及び2026年３月期通期連結業績予想の修正に関するお知らせ,Notice regarding recording of non-operating expenses (loss on valuation of crypto assets) and revision of consolidated business forecast for the fiscal year ending March 2026,東,TSE,https://www.release.tdnet.info/inbs/140120260421507819.pdf
15:30,70360,Ｇ－イーエムネットＪ,G-EMnet J,第13回定時株主総会の継続会の開催日等に関するお知らせ,"Notice regarding the date, etc. of the continuation meeting of the 13th Ordinary General Meeting of Shareholders",東,TSE,https://www.release.tdnet.info/inbs/140120260421507686.pdf
15:30,66530,正興電機製作所,"Seiko Electric Manufacturing Co., Ltd.",譲渡制限付株式報酬としての自己株式の処分に関するお知らせ,Notice regarding disposal of treasury stock as restricted stock compensation,東福,TSE / FSE,https://www.release.tdnet.info/inbs/140120260422508067.pdf
15:30,66530,正興電機製作所,"Seiko Electric Manufacturing Co., Ltd.",2026年12月期第１四半期決算短信〔日本基準〕(連結),Q1 Earnings Report (Consolidated) for FY2026 ending December,東福,TSE / FSE,https://www.release.tdnet.info/inbs/140120260422507921.pdf
15:30,65400,船場,Senba,譲渡制限付株式報酬としての新株式の発行の払込完了に関するお知らせ,Notice regarding completion of payment for issuance of new shares as restricted stock compensation,東,TSE,https://www.release.tdnet.info/inbs/140120260422507949.pdf
15:30,64920,岡野バル,Okano Bar,剰余金の配当および配当予想の修正に関するお知らせ,Notice regarding dividend of surplus and revision of dividend forecast,東,TSE,https://www.release.tdnet.info/inbs/140120260420506991.pdf
15:30,64920,岡野バル,Okano Bar,業績予想の修正に関するお知らせ,Notice Regarding Revision of Earnings Forecast,東,TSE,https://www.release.tdnet.info/inbs/140120260422508045.pdf
15:30,61860,一蔵,Ichizo,株主優待制度の一部拡充に関するお知らせ,Notice regarding partial expansion of shareholder benefit system,東,TSE,https://www.release.tdnet.info/inbs/140120260422508243.pdf
15:30,61820,Ｇ－メタリアル,G-Metalial,その他資本剰余金の処分に関するお知らせ,Notice regarding disposal of other capital surplus,東,TSE,https://www.release.tdnet.info/inbs/140120260422508167.pdf
15:30,61820,Ｇ－メタリアル,G-Metalial,役員人事に関するお知らせ,Notice Regarding Officer Personnel Changes,東,TSE,https://www.release.tdnet.info/inbs/140120260422508162.pdf
15:30,60710,ＩＢＪ,IBJ,譲渡制限付株式報酬としての自己株式の処分の払込完了に関するお知らせ,Notice Regarding Completion of Payment for Disposal of Treasury Shares as Restricted Stock Compensation,東,TSE,https://www.release.tdnet.info/inbs/140120260422508114.pdf
15:30,52790,日本興業,Nippon Kogyo,通期連結業績予想の修正に関するお知らせ,Notice regarding revisions to full-year consolidated performance forecasts,東,TSE,https://www.release.tdnet.info/inbs/140120260421507540.pdf
15:30,50760,インフロニアＨＤ,Infronia HD,インフロニア・ホールディングス株式会社の子会社（三井住友建設株式会社）による三井住建道路株式会社株式（1776）に対する公開買付けの結果に関するお知らせ,"Notice regarding the results of the tender offer for Mitsui Sumitomo Road Co., Ltd. shares (1776) by a subsidiary of Infronia Holdings Co., Ltd. (Sumitomo Mitsui Construction Co., Ltd.)",東,TSE,https://www.release.tdnet.info/inbs/140120260421507226.pdf
15:30,48400,トライアイズ,try eyes,主要株主の異動に関するお知らせ,Notice Regarding Change of Major Shareholders,東,TSE,https://www.release.tdnet.info/inbs/140120260422508134.pdf
15:30,46150,神東塗料,shinto paints,固定資産の譲渡による特別損失の計上及び2026年３月期通期の業績予想の修正並びに役員報酬の減額に関するお知らせ,"Notice regarding recording of extraordinary loss due to transfer of fixed assets, revision of full-year performance forecast for the fiscal year ending March 2026, and reduction in executive compensation",東,TSE,https://www.release.tdnet.info/inbs/140120260422507959.pdf
15:30,45770,ダイト,Daito,自己株式の取得状況及び取得終了に関するお知らせ,Notice Regarding Share Buyback Status and Completion,東,TSE,https://www.release.tdnet.info/inbs/140120260421507824.pdf
15:30,45560,カイノス,kainos,株式併合、単元株式数の定めの廃止及び定款の一部変更に関するお知らせ,"Notice regarding reverse stock split, abolition of regulations regarding the number of shares constituting one unit, and partial changes to the articles of incorporation",東,TSE,https://www.release.tdnet.info/inbs/140120260422508125.pdf
15:30,45560,カイノス,kainos,自己株式の消却に関するお知らせ,Notice Regarding Cancellation of Treasury Shares,東,TSE,https://www.release.tdnet.info/inbs/140120260422508126.pdf
15:30,45210,科研薬,Kakenyaku,Johnson & Johnsonとのライセンス契約に係るマイルストン達成およびマイルストン収入の受領等に伴う2026年3月期連結業績予想修正に関するお知らせ,"Notice regarding revisions to consolidated financial forecasts for the fiscal year ending March 31, 2026 due to milestone achievement and receipt of milestone income related to license agreement with Johnson & Johnson",東,TSE,https://www.release.tdnet.info/inbs/140120260422508000.pdf
15:30,43890,Ｇ－プロパティＤＢＫ,G-Property DBK,主要株主の異動に関するお知らせ,Notice Regarding Change of Major Shareholders,東,TSE,https://www.release.tdnet.info/inbs/140120260422508105.pdf
15:30,38370,アドソル日進,Adsol Nisshin,従業員（役職者）に対する譲渡制限付株式報酬としての自己株式の処分に関するお知らせ,Notice regarding disposal of treasury stock as restricted stock compensation for employees (executives),東,TSE,https://www.release.tdnet.info/inbs/140120260422508087.pdf
15:30,38370,アドソル日進,Adsol Nisshin,取締役候補者及び監査役候補者の決定に関するお知らせ,Notice regarding determination of director candidates and auditor candidates,東,TSE,https://www.release.tdnet.info/inbs/140120260422508088.pdf
15:30,38100,サイバーステップＨＤ,cyber step hd,子会社の異動を伴う株式の取得に関する株式譲渡契約締結のお知らせ,Notice of conclusion of stock transfer agreement regarding acquisition of stock due to change in subsidiary,東,TSE,https://www.release.tdnet.info/inbs/140120260422508176.pdf
15:30,38100,サイバーステップＨＤ,cyber step hd,合弁会社（連結子会社）設立及び子会社における新たな事業の開始に関するお知らせ,Notice regarding the establishment of a joint venture (consolidated subsidiary) and the start of new business at the subsidiary,東,TSE,https://www.release.tdnet.info/inbs/140120260422508240.pdf
15:30,34660,Ｒ－ラサールロジ,R-LaSalle Logi,2026年２月期　決算短信（ＲＥＩＴ）,Earnings Report for FY2026 ending February,東,TSE,https://www.release.tdnet.info/inbs/140120260421507790.pdf
15:30,32490,Ｒ－産業ファ,R-industrial fa,資金の借入（新規借入）に関するお知らせ,Notice regarding borrowing of funds (new borrowing),東,TSE,https://www.release.tdnet.info/inbs/140120260421507750.pdf
15:30,32490,Ｒ－産業ファ,R-industrial fa,国内不動産信託受益権の取得及び貸借に関するお知らせ,Notice regarding acquisition and lending of domestic real estate trust beneficiary rights,東,TSE,https://www.release.tdnet.info/inbs/140120260421507748.pdf
15:30,32490,Ｒ－産業ファ,R-industrial fa,（訂正）「2026年1月期　決算短信（REIT）」の一部訂正に関するお知らせ,(Correction) Earnings Report for FY2026 ending January,東,TSE,https://www.release.tdnet.info/inbs/140120260422508279.pdf
15:30,32320,三重交通ＧＨＤ,Mie Kotsu GHD,個別決算における特別損失の計上に関するお知らせ,Notice regarding recording of extraordinary loss in individual financial statements,東名,TSE / NSE,https://www.release.tdnet.info/inbs/140120260421507820.pdf
15:30,32050,ダイドー,Dido,通期業績予想の修正に関するお知らせ,Notice regarding revisions to full-year performance forecasts,東名,TSE / NSE,https://www.release.tdnet.info/inbs/140120260422508146.pdf
15:30,31230,サイボー,Cybo,社外取締役候補者の選任に関するお知らせ,Notice regarding appointment of outside director candidates,東,TSE,https://www.release.tdnet.info/inbs/140120260421507273.pdf
15:30,30930,トレファク,Trefaq,剰余金の配当（期末配当）に関するお知らせ,Notice regarding dividend of surplus (year-end dividend),東,TSE,https://www.release.tdnet.info/inbs/140120260421507334.pdf
15:30,30300,ハブ,hub,剰余金の配当に関するお知らせ,Notice Regarding Dividend,東,TSE,https://www.release.tdnet.info/inbs/140120260422508080.pdf
15:30,30230,ラサ商事,Rasa Shoji,役員人事に関するお知らせ,Notice Regarding Officer Personnel Changes,東,TSE,https://www.release.tdnet.info/inbs/140120260416505476.pdf
15:30,30230,ラサ商事,Rasa Shoji,代表取締役の異動（退任）に関するお知らせ,Notice regarding change (retirement) of representative director,東,TSE,https://www.release.tdnet.info/inbs/140120260416505463.pdf
15:30,29360,Ｇ－ベースフード,G-base hood,取締役候補者の選任に関するお知らせ,Notice Regarding Nomination of Director Candidates,東,TSE,https://www.release.tdnet.info/inbs/140120260422507932.pdf
15:30,29360,Ｇ－ベースフード,G-base hood,定款一部変更に関するお知らせ,Notice Regarding Partial Amendment to Articles of Incorporation,東,TSE,https://www.release.tdnet.info/inbs/140120260422507925.pdf
15:30,17760,三住道路,Misumi road,親会社である三井住友建設株式会社による当社株式に対する公開買付けの結果に関するお知らせ,"Notice regarding the results of the tender offer for our shares by our parent company, Sumitomo Mitsui Construction Co., Ltd.",東,TSE,https://www.release.tdnet.info/inbs/140120260420506581.pdf
15:30,14340,ＪＥＳＣＯ　ＨＤ,JESCO HD,2026年8月期第2四半期決算説明会資料,Earnings Presentation Materials for FY2026 ending August,東,TSE,https://www.release.tdnet.info/inbs/140120260422508218.pdf
15:31,71770,ＧＭＯＦＨＤ,GMOFHD,2026年12月期第１四半期連結決算（速報）及び配当予想の修正に関するお知らせ,Notice regarding first quarter consolidated financial results (preliminary report) for the fiscal year ending December 2026 and revision of dividend forecast,東,TSE,https://www.release.tdnet.info/inbs/140120260422508217.pdf
15:31,71770,ＧＭＯＦＨＤ,GMOFHD,2026年3月の月次業績（速報）に関するお知らせ,Monthly Report for March 2026,東,TSE,https://www.release.tdnet.info/inbs/140120260422508272.pdf
15:31,352A0,Ｇ－ＬＯＩＶＥ,G-LOIVE,財務上の特約が付された金銭消費貸借契約の締結及び特定当座貸越契約の締結に関するお知らせ,Notice regarding the conclusion of a monetary loan agreement with special financial provisions and a specific overdraft agreement,東,TSE,https://www.release.tdnet.info/inbs/140120260421507786.pdf
15:40,92490,日本エコシステム,Japan ecosystem,札幌証券取引所本則市場への上場に関するお知らせ,Notice regarding listing on the main market of the Sapporo Stock Exchange,東名札,東名札,https://www.release.tdnet.info/inbs/140120260421507428.pdf
15:45,93480,Ｇ－ｉｓｐａｃｅ,G-ispace,資金の借入及び借入金の返済に関するお知らせ,Notice regarding borrowing of funds and repayment of borrowings,東,TSE,https://www.release.tdnet.info/inbs/140120260421507397.pdf
15:45,60180,阪神内燃機工業,Hanshin Internal Combustion Machine Industry,2026年3月期業績予想の修正及び配当予想の修正に関するお知らせ,Notice regarding revisions to earnings forecasts and dividend forecasts for the fiscal year ending March 2026,東,TSE,https://www.release.tdnet.info/inbs/140120260421507745.pdf
16:00,90240,西武ホールディングス,Seibu Holdings,（変更）「当社連結子会社の株式会社西武不動産による株式会社イーグランド（3294）に対する公開買付けの開始に関するお知らせ」及び公開買付開始公告の変更,"(Changes) “Notice regarding the commencement of the tender offer for E-Gland Co., Ltd. (3294) by our consolidated subsidiary Seibu Real Estate Co., Ltd.” and changes to the public notice of the commencement of the tender offer.",東,TSE,https://www.release.tdnet.info/inbs/140120260416505575.pdf
16:00,89790,Ｒ－スターツＰＲ,R-Starts PR,2026年10月期（第42期）の運用状況及び分配金の予想の修正に関するお知らせ,Notice regarding revisions to operating status and dividend forecast for the period ending October 2026 (42nd period),東,TSE,https://www.release.tdnet.info/inbs/140120260422508337.pdf
16:00,89790,Ｒ－スターツＰＲ,R-Starts PR,国内不動産信託受益権の譲渡に関するお知らせ,Notice regarding transfer of domestic real estate trust beneficiary rights,東,TSE,https://www.release.tdnet.info/inbs/140120260422508333.pdf
16:00,81070,キムラタン,Kimuratan,2026年3月期通期連結業績予想の修正に関するお知らせ,Notice regarding revisions to consolidated financial forecasts for the fiscal year ending March 2026,東,TSE,https://www.release.tdnet.info/inbs/140120260422508314.pdf
16:00,81070,キムラタン,Kimuratan,役員人事に関するお知らせ,Notice Regarding Officer Personnel Changes,東,TSE,https://www.release.tdnet.info/inbs/140120260422508320.pdf
16:00,76740,Ｇ－ＮＡＴＴＹＨＤ,G-NATTYHD,事業計画及び成長可能性に関する事項,Matters Regarding Business Plan and Growth Potential,東,TSE,https://www.release.tdnet.info/inbs/140120260422507895.pdf
16:00,74620,ＣＡＰＩＴＡ,CAPITA,取締役候補者及び取締役（監査等委員）候補者選任のお知らせ,Notice of appointment of director candidates and director (audit and supervisory committee member) candidates,東,TSE,https://www.release.tdnet.info/inbs/140120260422508172.pdf
16:00,74620,ＣＡＰＩＴＡ,CAPITA,定款の一部変更に関するお知らせ,Notice Regarding Partial Amendment to Articles of Incorporation,東,TSE,https://www.release.tdnet.info/inbs/140120260422508169.pdf
16:00,74620,ＣＡＰＩＴＡ,CAPITA,連結子会社株式の追加取得による完全子会社化に関するお知らせ,Notice regarding making a consolidated subsidiary a wholly owned subsidiary through additional acquisition of shares,東,TSE,https://www.release.tdnet.info/inbs/140120260422508166.pdf
16:00,72730,イクヨ,Ikuyo,（訂正）河西工業株式会社（証券コード：7256）株式の買集め行為に該当する株式取得についてのお知らせ,"(Correction) Notice regarding the acquisition of shares of Kasai Kogyo Co., Ltd. (Securities code: 7256) that falls under the act of collecting shares.",東,TSE,https://www.release.tdnet.info/inbs/140120260422508313.pdf
16:00,72170,テイン,Tein,自己株式の消却に関するお知らせ,Notice Regarding Cancellation of Treasury Shares,東,TSE,https://www.release.tdnet.info/inbs/140120260421507855.pdf
16:00,61460,ディスコ,disco,剰余金の配当に関するお知らせ,Notice Regarding Dividend,東,TSE,https://www.release.tdnet.info/inbs/140120260421507836.pdf
16:00,61460,ディスコ,disco,業績予想のお知らせ,Announcement of performance forecast,東,TSE,https://www.release.tdnet.info/inbs/140120260421507835.pdf
16:00,61460,ディスコ,disco,2026年3月期 決算短信〔日本基準〕(連結）,Earnings Report (Consolidated) for FY2026 ending March,東,TSE,https://www.release.tdnet.info/inbs/140120260420506569.pdf
16:00,55760,オービーシステム,orbie system,剰余金の配当（増配）に関するお知らせ,Notice Regarding Dividend (Increased),東,TSE,https://www.release.tdnet.info/inbs/140120260420507090.pdf
16:00,55760,オービーシステム,orbie system,2026年３月期 通期決算補足説明資料,Supplementary Earnings Materials for FY2026 ending March,東,TSE,https://www.release.tdnet.info/inbs/140120260420507089.pdf
16:00,55760,オービーシステム,orbie system,2026年３月期 決算短信〔日本基準〕（連結）,Earnings Report (Consolidated) for FY2026 ending March,東,TSE,https://www.release.tdnet.info/inbs/140120260420507088.pdf
16:00,45480,生化学,biochemistry,癒着防止材SI-449の日本における製造販売承認の取得と販売提携先の決定に関するお知らせ,Notice regarding acquisition of manufacturing and sales approval in Japan for anti-adhesion material SI-449 and decision on sales partner,東,TSE,https://www.release.tdnet.info/inbs/140120260422508242.pdf
16:00,43950,Ｇ－アクリート,G-Acrete,Forward Edge-AI Singapore Pte.Ltd.への出資に関するお知らせ,Notice regarding investment in Forward Edge-AI Singapore Pte. Ltd.,東,TSE,https://www.release.tdnet.info/inbs/140120260420506782.pdf
16:00,42580,Ｇ－網屋,G-Amiya,譲渡制限付株式報酬及び業績連動型株式報酬としての自己株式処分に関するお知らせ,Notice regarding disposal of treasury stock as restricted stock compensation and performance-linked stock compensation,東,TSE,https://www.release.tdnet.info/inbs/140120260422508293.pdf
16:00,39440,古林紙工,Furin Shiko,譲渡制限付株式報酬としての自己株式処分に関するお知らせ,Notice regarding disposal of treasury stock as restricted stock compensation,東,TSE,https://www.release.tdnet.info/inbs/140120260421507690.pdf
16:00,36670,ｅｎｉｓｈ,enish,新たな事業（アクティブトレジャリー事業）の検討開始に関するお知らせ,Notice regarding the start of consideration for a new business (active treasury business),東,TSE,https://www.release.tdnet.info/inbs/140120260422508228.pdf
16:00,32260,Ｒ－三井不アコモ,R-Mitsui Fuacomo,借入金の期限前弁済実施に関するお知らせ,Notice regarding early repayment of borrowings,東,TSE,https://www.release.tdnet.info/inbs/140120260422508318.pdf
16:00,23380,クオンタムＳ,Quantum S,連結子会社における新規資金の借入に関するお知らせ,Notice regarding borrowing of new funds by consolidated subsidiary,東,TSE,https://www.release.tdnet.info/inbs/140120260422508359.pdf
16:00,17830,ｆａｎｔａｓｉｓｔａ,fantasista,（開示事項の経過）株式会社アモティの株式取得（子会社化）に関するお知らせ,"(Progress Disclosure) Notice regarding acquisition of shares of Amoti Co., Ltd. (making it a subsidiary)",東,TSE,https://www.release.tdnet.info/inbs/140120260422508262.pdf
16:20,36340,ソケッツ,sockets,スタンダード市場上場維持基準の適合及び監理銘柄(確認中)指定解除に関するお知らせ,Notice regarding compliance with Standard Market Listing Maintenance Criteria and cancellation of designation of securities under supervision (currently being confirmed),東,TSE,https://www.release.tdnet.info/inbs/140120260421507377.pdf
16:25,36340,ソケッツ,sockets,東証スタンダード市場上場維持基準適合について,Compliance with TSE Standard Market Listing Maintenance Standards,東,TSE,https://www.release.tdnet.info/inbs/140120260421507401.pdf
16:30,96320,スバル興,subaru ko,公正取引委員会からの排除措置命令および課徴金納付命令について,Regarding cease and desist orders and surcharge payment orders from the Fair Trade Commission,東,TSE,https://www.release.tdnet.info/inbs/140120260421507797.pdf
16:30,89520,Ｒ－ジャパン,R-Japan,第三者割当による新投資口発行における発行口数の確定に関するお知らせ,Notice regarding the determination of the number of units to be issued in the issuance of new investment units through third-party allotment,東,TSE,https://www.release.tdnet.info/inbs/140120260422508365.pdf
16:30,73630,Ｇ－ベビーカレンダー,G-Baby Calendar,公認会計士等の異動及び一時会計監査人の選任に関するお知らせ,"Notice regarding changes in certified public accountants, etc. and appointment of temporary accounting auditors",東,TSE,https://www.release.tdnet.info/inbs/140120260422508253.pdf
16:30,62320,Ｇ－ＡＣＳＬ,G-ACSL,2025年第２回乃至2025年第７回新株予約権の行使完了に関するお知らせ,Notice Regarding Stock Acquisition Rights,東,TSE,https://www.release.tdnet.info/inbs/140120260422508410.pdf
16:30,335A0,Ｇ－ミライロ,G-Mirairo,新規事業「ミライロ・キャリア」の開始に関するお知らせ,Notice regarding the start of new business “Mirairo Career”,東,TSE,https://www.release.tdnet.info/inbs/140120260421507846.pdf
16:30,32340,Ｒ－森ヒルズ,R-Mori Hills,資産運用会社である森ビル・インベストメントマネジメント株式会社と森ビル不動産投資顧問 株式会社の合併契約締結及び定款の一部変更に関するお知らせ,"Notice regarding conclusion of merger agreement and partial amendment to the articles of incorporation between Mori Building Investment Management Co., Ltd., an asset management company, and Mori Building Real Estate Investment Advisors Co., Ltd.",東,TSE,https://www.release.tdnet.info/inbs/140120260422508203.pdf
16:45,43440,ソースネクスト,source next,ストックオプション（新株予約権）の発行内容確定に関するお知らせ,Notice Regarding Stock Acquisition Rights,東,TSE,https://www.release.tdnet.info/inbs/140120260422508319.pdf
16:45,43440,ソースネクスト,source next,株式報酬型ストックオプション（新株予約権）の発行内容確定に関するお知らせ,Notice Regarding Stock Acquisition Rights,東,TSE,https://www.release.tdnet.info/inbs/140120260422508366.pdf
16:45,33700,フジタコーポ,Fujita Corporation,上場維持基準への適合及び当社株式の監理銘柄(確認中)指定解除に関するお知らせ,Notice regarding compliance with listing maintenance standards and cancellation of designation of stock under supervision (currently being confirmed) for our stock,東,TSE,https://www.release.tdnet.info/inbs/140120260422508430.pdf
17:00,79060,ヨネックス,yonex,取締役の報酬額の改定、取締役に対する譲渡制限付株式報酬制度の改定及び業績連動型譲渡制限付株式報酬制度の導入に関するお知らせ,"Notice regarding revisions to director remuneration, revisions to restricted stock compensation system for directors, and introduction of performance-linked restricted stock compensation system",東,TSE,https://www.release.tdnet.info/inbs/140120260422508267.pdf
17:00,79060,ヨネックス,yonex,社外取締役候補者の選任に関するお知らせ,Notice regarding appointment of outside director candidates,東,TSE,https://www.release.tdnet.info/inbs/140120260422508220.pdf
17:00,77090,クボテック,Kubotek,当社株式の上場廃止の決定及び整理銘柄への指定に関するお知らせ,Notice regarding the decision to delist the Company's shares and designation as a stock to be delisted,東,TSE,https://www.release.tdnet.info/inbs/140120260327591964.pdf
17:00,65540,Ｇ－エスユーエス,G-SUS,2026年９月期第２四半期（中間期）連結業績予想の修正に関するお知らせ,Notice regarding revisions to consolidated earnings forecast for the second quarter (interim period) of the fiscal year ending September 2026,東,TSE,https://www.release.tdnet.info/inbs/140120260421507306.pdf
17:00,47200,城南進研,Jonan Shinken,上場維持基準への適合及び当社株式の監理銘柄（確認中）指定解除に関するお知らせ,Notice regarding compliance with listing maintenance standards and cancellation of designation of stock under supervision (currently being confirmed) for our stock,東札,TSE / SSE,https://www.release.tdnet.info/inbs/140120260421507758.pdf
17:00,37500,ＡＤＲ１２０Ｓ,ADR120S,代表取締役の異動に関するお知らせ,Notice Regarding Change of Representative Director,東,TSE,https://www.release.tdnet.info/inbs/140120260422508284.pdf
17:00,310A0,Ｐ－サーティーフォー,P-Thirty Four,（開示事項の経過）財務制限条項への抵触に関する金融機関との協議結果について,(Progress Disclosure) Results of discussions with financial institutions regarding violation of financial covenants,東,TSE,https://www.release.tdnet.info/inbs/140120260422508327.pdf
17:00,306A0,Ｆ－テクロ,F-Techro,臨時株主総会招集のための基準日設定およびFukuoka PRO Market における当社株式の上場廃止申請に関するお知らせ,Notice regarding setting of record date for convening an extraordinary general meeting of shareholders and application for delisting of our shares from Fukuoka PRO Market,福,FSE,https://www.release.tdnet.info/inbs/140120260422507992.pdf
17:00,30100,ポラリスＨＤ,Polaris HD,上場維持基準への適合および当社株式の監理銘柄（確認中）指定解除に関するお知らせ,Notice regarding compliance with listing maintenance standards and cancellation of designation of stock under supervision (currently being confirmed) for our stock,東,TSE,https://www.release.tdnet.info/inbs/140120260422508047.pdf
17:00,29010,ウェルディッシュ,weldish,独立調査委員会の設置並びに委員の選任に関するお知らせ,Notice regarding establishment of independent investigation committee and appointment of members,東,TSE,https://www.release.tdnet.info/inbs/140120260422508440.pdf
17:00,161A0,Ｐ－三葉,P-Mitsuha,当座貸越契約の締結に関するお知らせ,Notice regarding conclusion of overdraft agreement,東,TSE,https://www.release.tdnet.info/inbs/140120260422508143.pdf
17:00,130A0,Ｇ－ＶＩＳ,G-VIS,新川崎研究所の移転完了及び川崎研究所開所のお知らせ,Announcement of completion of relocation of Shin-Kawasaki Research Institute and opening of Kawasaki Research Institute,東,TSE,https://www.release.tdnet.info/inbs/140120260422508446.pdf
17:15,24990,日本和装,Japanese kimono,自己株式の消却に関するお知らせ （会社法第178条の規定に基づく自己株式の消却）,Notice regarding cancellation of treasury stock (cancellation of treasury stock based on the provisions of Article 178 of the Companies Act),東,TSE,https://www.release.tdnet.info/inbs/140120260422508447.pdf
17:45,23420,トランスジェニックＧ,transgenic G,「エクソンヒト化マウス」に関する米国特許査定のお知らせ,Notice of grant of US patent regarding “exon humanized mouse”,東,TSE,https://www.release.tdnet.info/inbs/140120260422508484.pdf
18:00,44130,ボードルア,board lure,2026年２月期　通期決算説明会書き起こし,Earnings Presentation Materials for FY2026 ending February,東,TSE,https://www.release.tdnet.info/inbs/140120260422508490.pdf
18:00,41880,三菱ケミカルグループ,Mitsubishi Chemical Group,英国におけるエチレン・ビニルアルコール共重合樹脂「ソアノール」投資計画の見直しに関するお知らせ,Notice regarding review of investment plan for ethylene-vinyl alcohol copolymer resin “Soarnol” in the UK,東,TSE,https://www.release.tdnet.info/inbs/140120260421507844.pdf
20:00,87150,アニコム　ＨＤ,Anicom HD,新任社外取締役候補者の選任に関するお知らせ,Notice regarding the selection of new outside director candidates,東,TSE,https://www.release.tdnet.info/inbs/140120260421507661.pdf
08:00,558A0,Ｇ－ＳＱＵＥＥＺＥ,G-SQUEEZE,主要株主の異動に関するお知らせ,Notice Regarding Change of Major Shareholders,東,TSE,https://www.release.tdnet.info/inbs/140120260421507574.pdf
08:00,558A0,Ｇ－ＳＱＵＥＥＺＥ,G-SQUEEZE,事業計画及び成長可能性に関する事項について,Regarding matters related to business plans and growth potential,東,TSE,https://www.release.tdnet.info/inbs/140120260421507573.pdf
08:00,558A0,Ｇ－ＳＱＵＥＥＺＥ,G-SQUEEZE,東京証券取引所グロース市場への上場に伴う当社決算情報等のお知らせ,"Announcement of financial results, etc. of our company due to listing on the Tokyo Stock Exchange Growth Market",東,TSE,https://www.release.tdnet.info/inbs/140120260421507566.pdf
08:00,555A0,Ｐ－北王ＧＲＯＵＰ,P-Hokuoh GROUP,東京証券取引所 TOKYO PRO Marketへの上場目的の開示,Disclosure of purpose of listing on Tokyo Stock Exchange TOKYO PRO Market,東,TSE,https://www.release.tdnet.info/inbs/140120260416505634.pdf
08:00,555A0,Ｐ－北王ＧＲＯＵＰ,P-Hokuoh GROUP,流動性プロバイダーの指定のお知らせ,Notice Regarding Designation of Liquidity Provider,東,TSE,https://www.release.tdnet.info/inbs/140120260416505633.pdf
08:00,555A0,Ｐ－北王ＧＲＯＵＰ,P-Hokuoh GROUP,東京証券取引所 TOKYO PRO Mareket 上場に伴う当社決算情報等のお知らせ,"Announcement regarding our company's financial results, etc. due to listing on Tokyo Stock Exchange TOKYO PRO Mareket",東,TSE,https://www.release.tdnet.info/inbs/140120260416505632.pdf
08:00,555A0,Ｐ－北王ＧＲＯＵＰ,P-Hokuoh GROUP,東京証券取引所 TOKYO PRO Market への上場のお知らせ,Notice of listing on Tokyo Stock Exchange TOKYO PRO Market,東,TSE,https://www.release.tdnet.info/inbs/140120260416505631.pdf
08:30,16724,Ｅ－ＷｉｓｄｏｍＴｒ,E-WisdomTr,上場ETF（管理会社：WisdomTree、外国投資法人：CSL）に関する日々の開示事項,Daily Disclosure Items Regarding Listed ETF,東,TSE,https://www.release.tdnet.info/inbs/140120260422507888.pdf
08:30,16724,Ｅ－ＷｉｓｄｏｍＴｒ,E-WisdomTr,上場ETF（管理会社：WisdomTree、外国投資法人：MSL）に関する日々の開示事項,Daily Disclosure Items Regarding Listed ETF,東,TSE,https://www.release.tdnet.info/inbs/140120260422507887.pdf
08:40,89530,Ｒ－都市ファンド,R-City Fund,（訂正）「2026年2月期 決算短信(REIT)」の一部訂正に関するお知らせ,(Correction) Earnings Report for FY2026 ending February,東,TSE,https://www.release.tdnet.info/inbs/140120260422507912.pdf
08:50,315A0,ＧＸ銀行高配当日株,GX Bank High Dividend Day Stock,ETFの収益分配金見込額のお知らせ,Notice Regarding Estimated Distribution Amount,東,TSE,https://www.release.tdnet.info/inbs/140120260421507778.pdf
08:50,29340,Ｇ－Ｊフロンティア,G-J Frontier,自治体向け防災医療ソリューション事業の開始に関するお知らせ,Announcement regarding the start of disaster prevention medical solution business for local governments,東,TSE,https://www.release.tdnet.info/inbs/140120260421507752.pdf
08:50,28640,ＧＸロジリート,GX Logilito,ETFの収益分配金見込額のお知らせ,Notice Regarding Estimated Distribution Amount,東,TSE,https://www.release.tdnet.info/inbs/140120260421507777.pdf
08:50,28580,ＧＸ日経カバコ,GX Nikkei Kabako,ETFの収益分配金見込額のお知らせ,Notice Regarding Estimated Distribution Amount,東,TSE,https://www.release.tdnet.info/inbs/140120260421507776.pdf
08:50,28550,ＧＸグリＪリート,GX Gri J REIT,ETFの収益分配金見込額のお知らせ,Notice Regarding Estimated Distribution Amount,東,TSE,https://www.release.tdnet.info/inbs/140120260421507775.pdf
08:50,28540,ＧＸテック２０日株,GX Tech 20 days stock,ETFの収益分配金見込額のお知らせ,Notice Regarding Estimated Distribution Amount,東,TSE,https://www.release.tdnet.info/inbs/140120260421507774.pdf
08:50,28490,ＧＸ高配当ＥＳＧ日株,GX high dividend ESG daily stocks,ETFの収益分配金見込額のお知らせ,Notice Regarding Estimated Distribution Amount,東,TSE,https://www.release.tdnet.info/inbs/140120260421507773.pdf
08:50,28480,ＧＸ気候変動日株,GX Climate Change Japan Stocks,ETFの収益分配金見込額のお知らせ,Notice Regarding Estimated Distribution Amount,東,TSE,https://www.release.tdnet.info/inbs/140120260421507772.pdf
08:50,28470,ＧＸ成長インフラ日株,GX Growth Infrastructure Nippon Stock,ETFの収益分配金見込額のお知らせ,Notice Regarding Estimated Distribution Amount,東,TSE,https://www.release.tdnet.info/inbs/140120260421507771.pdf
08:50,26460,ＧＸメタルビジ日株,GX Metal Business Nippon Stock,ETFの収益分配金見込額のお知らせ,Notice Regarding Estimated Distribution Amount,東,TSE,https://www.release.tdnet.info/inbs/140120260421507770.pdf
08:50,26450,ＧＸレジ＆エンタ日株,GXRegi & Enter Nippon Stock,ETFの収益分配金見込額のお知らせ,Notice Regarding Estimated Distribution Amount,東,TSE,https://www.release.tdnet.info/inbs/140120260421507769.pdf
08:50,26440,ＧＸ半導体日株,GX Semiconductor Nippon Stock,ETFの収益分配金見込額のお知らせ,Notice Regarding Estimated Distribution Amount,東,TSE,https://www.release.tdnet.info/inbs/140120260421507768.pdf
08:50,25650,ＧＸロジＪリート,GX Logi J REIT,ETFの収益分配金見込額のお知らせ,Notice Regarding Estimated Distribution Amount,東,TSE,https://www.release.tdnet.info/inbs/140120260421507767.pdf
08:50,25640,ＧＸスーパーディビ,GX Super Divi,ETFの収益分配金見込額のお知らせ,Notice Regarding Estimated Distribution Amount,東,TSE,https://www.release.tdnet.info/inbs/140120260421507766.pdf
08:50,20980,ＧＸホテリテＪリート,GX Hotelite J-REIT,ETFの収益分配金見込額のお知らせ,Notice Regarding Estimated Distribution Amount,東,TSE,https://www.release.tdnet.info/inbs/140120260421507765.pdf
08:50,20970,ＧＸ住宅Ｊリート,GX Residential J-REIT,ETFの収益分配金見込額のお知らせ,Notice Regarding Estimated Distribution Amount,東,TSE,https://www.release.tdnet.info/inbs/140120260421507764.pdf
08:50,20960,ＧＸオフィスＪリート,GX Office J-REIT,ETFの収益分配金見込額のお知らせ,Notice Regarding Estimated Distribution Amount,東,TSE,https://www.release.tdnet.info/inbs/140120260421507763.pdf
08:50,20180,ＧＸＵＳリート２０,GXUS REIT 20,ETFの収益分配金見込額のお知らせ,Notice Regarding Estimated Distribution Amount,東,TSE,https://www.release.tdnet.info/inbs/140120260421507762.pdf
10:00,62350,オプトラン,Optran,支配株主等に関する事項について,Matters Regarding Controlling Shareholders,東,TSE,https://www.release.tdnet.info/inbs/140120260422507926.pdf
10:00,31890,ＡＮＡＰ,ANAP,当社グループによるビットコイン購入に関するお知らせ,Notice regarding Bitcoin purchase by our group,東,TSE,https://www.release.tdnet.info/inbs/140120260420507032.pdf
10:00,16714,Ｅ－シンプレクス,E-Simplex,上場ＥＴＦ(管理会社：シンプレクス・アセット・マネジメント)に関する日々の開示事項,Daily Disclosure Items Regarding Listed ETF,東,TSE,https://www.release.tdnet.info/inbs/140120260422507957.pdf
10:30,48850,室町ケミカル,Muromachi Chemical,株式の立会外分売終了に関するお知らせ,Notice regarding termination of off-auction stock sales,東,TSE,https://www.release.tdnet.info/inbs/140120260422507964.pdf
10:40,13294,Ｅ－ブラックロック,E-Blackrock,上場ETF（管理会社：ブラックロック・ジャパン）に関する日々の開示事項,Daily Disclosure Items Regarding Listed ETF,東,TSE,https://www.release.tdnet.info/inbs/140120260422508005.pdf
11:00,95010,東電力ＨＤ,Tokyo Electric Power HD,原子力損害賠償・廃炉等支援機構からの資金の交付について,Regarding the grant of funds from the Nuclear Damage Compensation and Decommissioning Support Corporation,東,TSE,https://www.release.tdnet.info/inbs/140120260421507365.pdf
11:00,61110,旭精機,Asahi Seiki,当社ウェブサイトにおける障害の発生について（第１報）,Regarding the occurrence of failures on our website (first report),名,NSE,https://www.release.tdnet.info/inbs/140120260422508061.pdf
11:00,42720,日化薬,Nikkayaku,監査役の異動に関するお知らせ,Notice regarding changes in auditors,東,TSE,https://www.release.tdnet.info/inbs/140120260422508009.pdf
11:30,296A0,Ｇ－令和ＡＨ,G-Reiwa AH,期末配当予想の修正（増配）に関するお知らせ,Notice regarding revision (dividend increase) of year-end dividend forecast,東,TSE,https://www.release.tdnet.info/inbs/140120260421507556.pdf
11:30,296A0,Ｇ－令和ＡＨ,G-Reiwa AH,2026年3月期　決算補足説明資料,Supplementary Earnings Materials for FY2026 ending March,東,TSE,https://www.release.tdnet.info/inbs/140120260421507584.pdf
11:30,296A0,Ｇ－令和ＡＨ,G-Reiwa AH,2026年３月期 決算短信〔日本基準〕（連結）,Earnings Report (Consolidated) for FY2026 ending March,東,TSE,https://www.release.tdnet.info/inbs/140120260421507581.pdf
11:30,20704,Ｎ－三菱ＵＦＪ証ＨＤ,N-Mitsubishi UFJ Certificate HD,上場ETN（発行者：三菱UFJ証券ホールディングス株式会社）に関する日々の開示事項,Daily Disclosure Items Regarding Listed ETN,東,TSE,https://www.release.tdnet.info/inbs/140120260422507994.pdf
11:30,189A0,Ｇ－Ｄ＆Ｍカンパニー,G-D&M Company,MedTech Group株式会社との資本業務提携及び第三者割当増資の引受けに関するお知らせ,"Notice regarding capital and business alliance with MedTech Group Co., Ltd. and underwriting of capital increase through third-party allotment",東,TSE,https://www.release.tdnet.info/inbs/140120260421507320.pdf
11:35,15574,Ｅ－ＳＳＧＡＴＣ,E-SSGATC,State Street SPDR S&P500 ETFに関する日々の開示事項,Daily Disclosure Items Regarding SPDR ETF,東,TSE,https://www.release.tdnet.info/inbs/140120260422508056.pdf
11:40,13494,Ｅ－ＳＳＧＡ－ＳＩＮ,E-SSGA-SIN,アジア国債・公債ＥＴＦ（正式名称：ＡＢＦ汎アジア債券インデックス・ファンド）に関する日々の開示事項,Daily Disclosure Items Regarding Asian Bond ETF,東,TSE,https://www.release.tdnet.info/inbs/140120260422508068.pdf
11:45,13264,Ｅ－ワールド,E-World,SPDRゴールド・シェアに関する日々の開示事項,Daily Disclosure Items Regarding SPDR ETF,東,TSE,https://www.release.tdnet.info/inbs/140120260422508075.pdf
12:00,85240,北洋銀行,North Pacific Bank,キャリアバンク株式会社株式（証券コード：4834）に対する公開買付けの結果及び子会社の異動に関するお知らせ,"Announcement regarding the results of the tender offer for Carrier Bank Co., Ltd. shares (stock code: 4834) and changes in subsidiaries",東札,TSE / SSE,https://www.release.tdnet.info/inbs/140120260422508097.pdf
12:00,72730,イクヨ,Ikuyo,（開示事項の経過）第三者割当による自己株式の処分（１円譲渡） に関するお知らせ（詳細決定）,(Progress Disclosure) Notice regarding disposal of treasury stock (1 yen transfer) through third-party allotment (details determined),東,TSE,https://www.release.tdnet.info/inbs/140120260422507928.pdf
12:00,72730,イクヨ,Ikuyo,河西工業株式会社（証券コード：7256）株式の買集め行為に該当する株式取得についてのお知らせ,"Notice regarding the acquisition of shares of Kasai Kogyo Co., Ltd. (Securities code: 7256) that falls under the act of collecting shares.",東,TSE,https://www.release.tdnet.info/inbs/140120260422507917.pdf
12:00,55920,Ｇ－くすりの窓口,G-Medicine counter,株式会社テクノネットワークの株式取得（完全子会社化）および株式会社ケイングのグループ会社化に関するお知らせ,"Notice regarding stock acquisition of Techno Network Co., Ltd. (making it a wholly owned subsidiary) and making Keing Co., Ltd. a group company",東,TSE,https://www.release.tdnet.info/inbs/140120260421507353.pdf
12:00,48340,キャリアバンク,career bank,株式会社北洋銀行による当社株式に対する公開買付けの結果並びに親会社、主要株主である筆頭株主及び主要株主の異動に関するお知らせ,"Announcement regarding the results of the tender offer for the Company's shares by Hokuyo Bank, Ltd. and changes in the parent company, the largest shareholder who is a major shareholder, and major shareholders",札,SSE,https://www.release.tdnet.info/inbs/140120260422508147.pdf
12:00,36810,ブイキューブ,V-cube,スポンサー基本契約の代替提案の提案状況に関するお知らせ,Notice Regarding Sponsor Agreement,東,TSE,https://www.release.tdnet.info/inbs/140120260422508040.pdf
12:00,30700,Ｇ－ジェリービーンズ,G-jelly beans,株式会社バイオセラーとの業務提携契約締結（生ごみ処理ソリューション事業）及び生ごみ処理機の受注契約締結に関するお知らせ,"Announcement regarding the conclusion of a business partnership agreement with Biocella Co., Ltd. (garbage disposal solution business) and the conclusion of an order contract for garbage disposal machines",東,TSE,https://www.release.tdnet.info/inbs/140120260422508117.pdf
12:00,17930,大本組,Oomoto group,業績予想及び配当予想の修正に関するお知らせ,Notice regarding revisions to performance forecasts and dividend forecasts,東,TSE,https://www.release.tdnet.info/inbs/140120260421507724.pdf
12:30,60590,ウチヤマＨＤ,Uchiyama HD,主要株主および主要株主である筆頭株主の異動に関するお知らせ,Notice regarding changes in major shareholders and the largest shareholder who is a major shareholder,東,TSE,https://www.release.tdnet.info/inbs/140120260422508070.pdf
13:00,96440,タナベコンサルＧ,Tanabe Consult G,株主優待内容の一部変更（デジタルギフトへの変更）に関するお知らせ,Notice regarding partial changes to shareholder benefits (changes to digital gifts),東,TSE,https://www.release.tdnet.info/inbs/140120260422508173.pdf
13:00,83040,あおぞら,Blue sky,取締役に対する業績連動型譲渡制限付株式報酬制度の導入に関するお知らせ,Notice regarding the introduction of a performance-linked restricted stock compensation system for directors,東,TSE,https://www.release.tdnet.info/inbs/140120260422508003.pdf
13:00,27980,Ｙ’ｓ,Y’s,2026年２月期 決算説明資料,Earnings Presentation Materials for FY2026 ending February,東,TSE,https://www.release.tdnet.info/inbs/140120260422508092.pdf
13:30,58300,いよぎんＨＤ,Iyogin HD,自己株式の取得状況及び取得終了に関するお知らせ,Notice Regarding Share Buyback Status and Completion,東,TSE,https://www.release.tdnet.info/inbs/140120260421507707.pdf
14:00,85220,名古屋銀,nagoya silver,期末配当予想の修正（増配）に関するお知らせ,Notice regarding revision (dividend increase) of year-end dividend forecast,東名,TSE / NSE,https://www.release.tdnet.info/inbs/140120260416505299.pdf
14:00,85220,名古屋銀,nagoya silver,業績予想の修正に関するお知らせ,Notice Regarding Revision of Earnings Forecast,東名,TSE / NSE,https://www.release.tdnet.info/inbs/140120260416505257.pdf
14:00,54580,高砂鉄,Takasago iron,役員人事について,Regarding executive personnel,東,TSE,https://www.release.tdnet.info/inbs/140120260422508208.pdf
14:00,39360,Ｇ－グローバルウェイ,G-Global Way,特定子会社（孫会社）の異動に関するお知らせ,Notice regarding changes in specified subsidiaries (sub-subsidiary companies),東,TSE,https://www.release.tdnet.info/inbs/140120260421507495.pdf
14:00,21080,甜菜糖,beet sugar,役員等の異動に関するお知らせ,"Notice regarding changes in officers, etc.",東,TSE,https://www.release.tdnet.info/inbs/140120260422508052.pdf
14:00,21080,甜菜糖,beet sugar,商号の変更に関するお知らせ,Notice regarding change of trade name,東,TSE,https://www.release.tdnet.info/inbs/140120260422508046.pdf
14:00,16620,石油資源,oil resources,「JAPEX 経営計画2026-2035」の策定について,Regarding the formulation of “JAPEX Management Plan 2026-2035”,東,TSE,https://www.release.tdnet.info/inbs/140120260422508113.pdf
14:30,32690,Ｒ－ＡＤＲ,R-ADR,コミットメントライン契約の更新に関するお知らせ,Notice regarding renewal of commitment line contract,東,TSE,https://www.release.tdnet.info/inbs/140120260422508229.pdf
14:50,69410,山一電機,Yamaichi Denki,当社グループのフィリピン子会社におけるランサムウェア被害発生のお知らせ,Notice of ransomware damage at our group's Philippine subsidiary,東,TSE,https://www.release.tdnet.info/inbs/140120260422508264.pdf
15:00,69690,松尾電機,Matsuo Electric,役員の異動に関するお知らせ,Notice Regarding Change of Officers,東,TSE,https://www.release.tdnet.info/inbs/140120260409501003.pdf
15:00,66200,宮越ＨＤ,Miyakoshi HD,会計監査人の異動に関するお知らせ,Notice regarding change of accounting auditor,東,TSE,https://www.release.tdnet.info/inbs/140120260422508010.pdf
15:30,93380,Ｇ－ＩＮＦＯＲＩＣＨ,G-INFORICH,自己株式の消却に関するお知らせ,Notice Regarding Cancellation of Treasury Shares,東,TSE,https://www.release.tdnet.info/inbs/140120260422508196.pdf
15:30,93380,Ｇ－ＩＮＦＯＲＩＣＨ,G-INFORICH,事後交付型株式報酬制度としての新株式発行に関するお知らせ,Notice regarding issuance of new shares as a subsequent stock compensation system,東,TSE,https://www.release.tdnet.info/inbs/140120260422508197.pdf
15:30,92530,Ｇ－スローガン,G-slogan,監査等委員会設置会社への移行に伴う役員報酬制度の改定及び譲渡制限付株式報酬制度の導入に関するお知らせ,Notice regarding revision of executive compensation system and introduction of restricted stock compensation system due to transition to a company with an audit and supervisory committee,東,TSE,https://www.release.tdnet.info/inbs/140120260420506629.pdf
15:30,92530,Ｇ－スローガン,G-slogan,監査等委員会設置会社への移行に伴う定款の一部変更に関するお知らせ,Notice regarding partial changes to the articles of incorporation due to transition to a company with an audit and supervisory committee,東,TSE,https://www.release.tdnet.info/inbs/140120260420506628.pdf
15:30,92140,Ｇ－リカバリー,G-Recovery,当社子会社取締役に対するストックオプション(新株予約権)の発行に関するお知らせ,Notice Regarding Stock Acquisition Rights,東,TSE,https://www.release.tdnet.info/inbs/140120260421507238.pdf
15:30,89860,Ｒ－大和証券リビング,R-Daiwa Securities Living,資金の借入れに関するお知らせ,Notice regarding borrowing of funds,東,TSE,https://www.release.tdnet.info/inbs/140120260422508060.pdf
15:30,89610,Ｒ－森トラスト,R-Mori Trust,資金の借入れに関するお知らせ,Notice regarding borrowing of funds,東,TSE,https://www.release.tdnet.info/inbs/140120260422508210.pdf
15:30,89610,Ｒ－森トラスト,R-Mori Trust,2026年2月期(第48期)決算説明資料,Earnings Presentation Materials for FY2026 ending February,東,TSE,https://www.release.tdnet.info/inbs/140120260422508149.pdf
15:30,89610,Ｒ－森トラスト,R-Mori Trust,2026年2月期　決算短信(REIT),Earnings Report for FY2026 ending February,東,TSE,https://www.release.tdnet.info/inbs/140120260422508077.pdf
15:30,81500,三信電気,Sanshin Electric,本社移転に関するお知らせ,Notice regarding head office relocation,東,TSE,https://www.release.tdnet.info/inbs/140120260421507847.pdf
15:30,80600,キヤノンＭＪ,Canon MJ,2026年12月期 第1四半期決算説明資料,Earnings Presentation Materials for FY2026 ending December,東,TSE,https://www.release.tdnet.info/inbs/140120260421507583.pdf
15:30,80600,キヤノンＭＪ,Canon MJ,2026年12月期 第1四半期決算短信［日本基準］（連結）,Q1 Earnings Report (Consolidated) for FY2026 ending December,東,TSE,https://www.release.tdnet.info/inbs/140120260421507582.pdf
15:30,79950,バルカー,bulker,当社の元従業員による不正行為に関するお知らせ,Notice regarding misconduct by a former employee of our company,東,TSE,https://www.release.tdnet.info/inbs/140120260422507998.pdf
15:30,77190,東京衡機,Tokyo Heki,調査委員会の設置に関するお知らせ,Notice regarding establishment of investigation committee,東,TSE,https://www.release.tdnet.info/inbs/140120260422508340.pdf
15:30,75540,幸楽苑,Korakuen,新役員体制に関するお知らせ,Notice regarding new executive structure,東,TSE,https://www.release.tdnet.info/inbs/140120260416505484.pdf
15:30,75540,幸楽苑,Korakuen,役員の異動に関するお知らせ,Notice Regarding Change of Officers,東,TSE,https://www.release.tdnet.info/inbs/140120260416505483.pdf
15:30,75270,システムソフト,system software,第三者割当による新株式の発行に係る払込完了及び第６回新株予約権の取得・消却の完了に関するお知らせ,Notice Regarding Stock Acquisition Rights,東,TSE,https://www.release.tdnet.info/inbs/140120260422508291.pdf
